<?xml version="1.0" encoding="UTF-8"?>
<project-private xmlns="http://www.netbeans.org/ns/project-private/1">
    <editor-bookmarks xmlns="http://www.netbeans.org/ns/editor-bookmarks/2" lastBookmarkId="0"/>
    <open-files xmlns="http://www.netbeans.org/ns/projectui-open-files/2">
        <group>
            <file>file:/C:/Users/usuario/Documents/Introduccion%20a%20la%20Ingenieria%20de%20Software/java%20trabajos/Semana%202/src/Capitulo2/AreaHexagono.java</file>
            <file>file:/C:/Users/usuario/Documents/Introduccion%20a%20la%20Ingenieria%20de%20Software/java%20trabajos/Semana%202/src/Capitulo2/TablaPotencia.java</file>
            <file>file:/C:/Users/usuario/Documents/Introduccion%20a%20la%20Ingenieria%20de%20Software/java%20trabajos/Semana%202/src/Capitulo2/CalcInteres.java</file>
            <file>file:/C:/Users/usuario/Documents/Introduccion%20a%20la%20Ingenieria%20de%20Software/java%20trabajos/Semana%202/src/Capitulo2/CostoConducir.java</file>
            <file>file:/C:/Users/usuario/Documents/Introduccion%20a%20la%20Ingenieria%20de%20Software/java%20trabajos/Semana%202/src/Capitulo2/DistanciaDosPuntos.java</file>
            <file>file:/C:/Users/usuario/Documents/Introduccion%20a%20la%20Ingenieria%20de%20Software/java%20trabajos/Semana%202/src/Capitulo2/TempViento.java</file>
        </group>
    </open-files>
</project-private>
